"","xi","ni","pi"
"1",3,11,0.272727272727273
"2",6,17,0.352941176470588
"3",10,21,0.476190476190476
"4",1,6,0.166666666666667
